category,category_revenue
Electronics,2.64571864078E11
Fashion,5.5303270586E10
Sports,3.0128071068E10
Home,2.9794070487E10
Books,8.538602154E9
Food,2.971553658E9
